fomc_date,lm_pct,lm_sentiment,llm_classification,llm_stated_confidence,inner_confidence,reasoning
2006-01-31,3.0195,Neutral,Hawkish,0.95,0.9424941934174107,"The statement explicitly announces a 25-basis-point rate hike and states that “some further policy firming may be needed” to balance risks to growth and price stability—clear language signaling ongoing tightening, despite acknowledging low core inflation and contained expectations. The emphasis on resource utilization pressures and elevated energy prices as inflation risks reinforces the hawkish tilt."
2006-03-28,2.7397,Neutral,Hawkish,0.95,0.9522247679665057,"The statement explicitly announces a 25-basis-point rate hike and states that “some further policy firming may be needed” to balance risks to growth and price stability—clear language signaling ongoing tightening. While it acknowledges modest core inflation and contained expectations, the emphasis on potential inflation pressures from resource utilization and commodity prices reinforces a hawkish bias toward preemptive tightening."
2006-05-10,2.7119,Neutral,Hawkish,0.95,0.946392114927932,"The statement explicitly raises the federal funds rate by 25 bps to 5%, cites strong growth and inflation risks from elevated commodity prices and rising resource utilization, and states that “some further policy firming may yet be needed” — all hallmarks of a hawkish stance. While it adds conditional language about data dependence, the forward guidance leans clearly toward continued tightening to address inflation risks."
2006-08-08,2.8881,Neutral,Hawkish,0.95,0.9387387370616733,"The statement maintains the federal funds rate but explicitly identifies “some inflation risks remain” and states that “the extent and timing of any additional firming that may be needed to address these risks will depend on incoming information”—a clear forward-looking signal of potential further rate hikes, especially given elevated core inflation, high resource utilization, and commodity price pressures. While it acknowledges moderating growth, the emphasis on persistent inflation risks and the conditional language around “additional firming” (not “easing” or “patience”) tilts decisively hawkish."
2006-10-25,3.0576,Neutral,Hawkish,0.95,0.9238729851984998,"While the FOMC held rates steady, the statement emphasizes persistent inflation risks (“some inflation risks remain”), cites “high resource utilization” as a source of sustained inflation pressure, and explicitly signals that “additional firming” (i.e., further rate hikes) may be needed depending on incoming data—clearly leaning toward tightening bias despite the pause. The dovish-sounding references to moderating inflation are qualified and outweighed by the forward-looking hawkish conditional language."
2006-12-12,3.0357,Neutral,Hawkish,0.95,0.915159509964833,"The statement maintains the federal funds rate but explicitly identifies “some inflation risks remain” and states that “the extent and timing of any additional firming that may be needed to address these risks will depend on incoming information”—a clear forward-looking signal of potential further rate hikes, especially given elevated core inflation and high resource utilization. While growth is described as moderating, the emphasis on persistent inflation risks and the conditional language around “additional firming” (not “easing” or “pausing”) tilts decisively hawkish."
2007-05-09,3.5647,Dovish,Hawkish,0.95,0.9367234526472571,"The statement explicitly identifies “the risk that inflation will fail to moderate as expected” as the Committee’s “predominant policy concern,” underscores “high resource utilization” as a sustained inflationary pressure, and avoids any language suggesting patience or easing—despite acknowledging slowing growth and housing weakness. Maintaining the fed funds rate at 5.25% amid elevated core inflation and prioritizing inflation risks over growth risks is classically hawkish."
2007-09-18,3.5461,Dovish,Dovish,0.98,0.9112241471521051,"The FOMC explicitly lowered the federal funds rate by 50 basis points—a decisive accommodative action—and justified it as a preemptive measure to counteract financial market disruptions and restrain broader economic weakness, emphasizing support for growth over inflation concerns despite acknowledging residual inflation risks. The language (“help forestall some of the adverse effects,” “promote moderate growth,” “increased uncertainty”) reflects strong dovish intent, with inflation concerns downplayed as secondary and monitored rather than acted upon."
2007-12-11,2.9982,Neutral,Dovish,0.98,0.9179015068840366,"The FOMC explicitly lowers the federal funds rate by 25 bps—a clear accommodative action—citing slowing growth, housing correction, softening spending, and heightened financial market strains as justification; while it notes “some inflation risks remain,” the emphasis is squarely on supporting growth amid rising uncertainty, with no signal of future tightening."
2008-03-18,3.6332,Dovish,Dovish,1.0,0.9459668341954095,"The statement explicitly announces a 75-basis-point rate cut—the largest in over two decades at the time—citing weakening economic activity, softening labor markets, stressed financial conditions, and heightened downside risks to growth; while acknowledging elevated inflation, it emphasizes expectations of moderation and prioritizes supporting growth and mitigating risks, which is unambiguously accommodative."
2008-04-30,3.1142,Neutral,Dovish,1.0,0.9490495487415523,"The statement explicitly announces a 25-basis-point rate cut to 2%, cites weak economic activity, softening labor markets, and stressed financial conditions as justification, and emphasizes that “substantial easing… should help to promote moderate growth” — all hallmarks of a dovish stance prioritizing accommodation over inflation concerns, despite noting elevated commodity prices and inflation expectations."
2008-06-25,3.3868,Neutral,Dovish,0.95,0.9292248134599184,"The statement maintains the federal funds rate at a historically low 2% amid softening labor markets, stressed financial conditions, and explicit concerns about growth risks—while acknowledging elevated inflation pressures only as “uncertainty” and “upside risks,” not an imminent threat requiring tightening. Crucially, it affirms that “substantial easing… to date” and “ongoing measures to foster market liquidity” are appropriate and should “help promote moderate growth,” signaling continued accommodation rather than a pivot toward tightening."
2008-12-16,3.6437,Dovish,Dovish,0.95,0.9264004557510084,"The statement reports a Term Auction Facility (TAF) auction with a very low stop-out rate of 0.280%, reflecting aggressive liquidity provision during the peak of the 2008 financial crisis—consistent with extraordinary accommodative monetary policy to stabilize markets and ease credit conditions. While the text itself is procedural, the context (December 2008), scale ($150B facility), and near-zero rate signal strong dovish intent."
2009-01-28,3.04,Neutral,Dovish,1.0,0.9217788459102264,"The statement emphasizes severe economic weakness, subdued inflation pressures, risks of deflation, and an explicit commitment to aggressive, unconventional monetary easing—including large-scale asset purchases, balance sheet expansion, and new lending facilities—without any mention of tightening or rate hikes. Every policy action described is accommodative and designed to stimulate demand and stabilize markets during the depths of the Great Recession."
2009-04-29,3.0894,Neutral,Dovish,1.0,0.9418407709181853,"The statement explicitly maintains the federal funds rate at the zero lower bound (0–0.25%), commits to “exceptionally low levels… for an extended period,” and announces large-scale asset purchases ($1.25T MBS, $200B agency debt, $300B Treasuries) to stimulate the economy amid severe contraction and deflationary risks — all hallmarks of aggressive monetary accommodation. It emphasizes concerns about “increasing economic slack” and the risk of inflation falling *below* levels consistent with price stability, reinforcing a dovish stance."
2009-08-12,3.231,Neutral,Dovish,0.98,0.9473772052664513,"The statement explicitly maintains the federal funds rate at the zero lower bound (0–0.25%), states that “exceptionally low levels… are likely to be warranted for an extended period,” and announces large-scale asset purchases ($1.25T MBS, $200B agency debt, $300B Treasuries) to support recovery—clear signals of aggressive monetary accommodation amid weak growth and subdued inflation expectations."
2009-09-23,3.3981,Neutral,Dovish,1.0,0.9493034258096147,"The statement explicitly maintains the federal funds rate at the zero lower bound (0–0.25%), states it “anticipates that economic conditions are likely to warrant exceptionally low levels… for an extended period,” and announces large-scale asset purchases ($1.25T MBS, $200B agency debt, $300B Treasuries) to support recovery—unambiguous accommodative actions amid weak growth, high slack, and subdued inflation expectations."
2010-03-16,3.3708,Neutral,Dovish,0.98,0.9182837663967703,"The statement explicitly maintains the zero-interest-rate policy (0–0.25%), emphasizes that “exceptionally low levels of the federal funds rate [are] warranted for an extended period” due to slack, subdued inflation, and stable expectations, and continues large-scale asset purchases (MBS/agency debt) to support housing and credit markets—clear signals of accommodative, crisis-response monetary policy. While it notes strengthening activity and stabilization, it underscores persistent weakness and provides no hint of tightening or rate hike considerations."
2010-06-23,3.6244,Dovish,Dovish,0.98,0.9098935115140787,"The statement explicitly maintains the zero lower bound for the federal funds rate and reiterates that “exceptionally low levels… are likely to warrant… for an extended period,” citing persistent slack, subdued inflation, and weak labor markets—classic dovish language signaling prolonged accommodation. There is no mention of tapering, rate hike considerations, or inflation concerns strong enough to prompt policy tightening."
2010-08-10,3.47,Neutral,Dovish,0.98,0.8922674784133701,"The statement emphasizes slowing recovery, persistent slack, subdued inflation, and explicitly commits to keeping the federal funds rate at the zero lower bound “for an extended period,” while also announcing reinvestment of mortgage-backed securities proceeds into longer-term Treasuries—a quantitative easing measure—clearly signaling accommodative intent. There is no mention of tightening, rate hike considerations, or inflation concerns beyond reassurance that expectations remain stable."
2010-09-21,3.7217,Dovish,Dovish,0.98,0.9113193255862099,"The statement emphasizes slowing recovery, persistent slack, subdued inflation well below target, and explicitly commits to maintaining near-zero rates “for an extended period” while signaling readiness to provide “additional accommodation” — all hallmarks of a dovish stance. The only neutral or hawkish elements (e.g., “gradual return to higher resource utilization”) are heavily outweighed by the accommodative language and forward guidance."
2010-11-03,3.4215,Neutral,Dovish,0.98,0.9190083410756639,"The statement explicitly announces a $600 billion QE2 asset purchase program to “promote a stronger pace of economic recovery” amid “elevated unemployment” and “somewhat low” underlying inflation, while reaffirming the zero-interest-rate policy and commitment to “exceptionally low levels” for an extended period—clear signals of monetary accommodation. The language emphasizes slack, weak demand, and downward inflation trends, with no mention of tightening risks or rate hike considerations."
2010-12-14,3.5994,Dovish,Dovish,0.98,0.8975891490799537,"The statement explicitly announces a new $600 billion QE2 asset purchase program, reaffirms the zero interest rate policy “for an extended period,” and emphasizes concerns about elevated unemployment, weak resource utilization, and declining underlying inflation—clear signals of accommodative intent to stimulate recovery. No language hints at tightening, tapering, or inflationary urgency; instead, it underscores persistent slack and commitment to maximum employment."
2011-01-26,3.68,Dovish,Dovish,0.98,0.8948153213915183,"The statement explicitly reaffirms large-scale asset purchases ($600 billion QE2), commits to reinvestment of principal, maintains the zero lower bound on the federal funds rate, and emphasizes “exceptionally low levels… for an extended period” due to elevated unemployment, weak labor market conditions, and subdued inflation—clear signals of accommodative, dovish policy. The only minor balancing note (stable inflation expectations) does not offset the overwhelming emphasis on stimulus to boost employment."
2011-03-15,3.0645,Neutral,Dovish,0.98,0.9310540818806475,"The statement reaffirms continuation of large-scale asset purchases ($600 billion QE2), maintains the zero lower bound on the federal funds rate, and explicitly states that “exceptionally low levels for the federal funds rate [are] likely to warrant… for an extended period” — all strong accommodative signals. It downplays near-term inflation pressures as “transitory” and emphasizes elevated unemployment and subdued underlying inflation as justification for ongoing stimulus."
2011-04-27,3.0744,Neutral,Dovish,0.98,0.9054675994092267,"The statement explicitly maintains the zero lower bound for the federal funds rate, reaffirms commitment to quantitative easing (completing $600B in Treasury purchases), emphasizes elevated unemployment and subdued underlying inflation, and states that “exceptionally low levels” for the funds rate are warranted “for an extended period”—all hallmark dovish signals of continued monetary accommodation. While it acknowledges rising commodity-driven inflation, it dismisses those pressures as transitory and stresses stable long-term inflation expectations, reinforcing the dovish stance."
2011-06-22,3.47,Neutral,Dovish,0.98,0.9259891445596847,"The statement emphasizes weak labor market data, a slower-than-expected recovery, and reaffirms the commitment to keeping the federal funds rate at 0–0.25% “for an extended period,” while explicitly citing low resource utilization and subdued medium-term inflation as justification—classic dovish language signaling continued accommodation. Although it acknowledges recent inflation upticks, it dismisses them as transitory and stresses stable longer-term expectations, reinforcing the dovish stance."
2011-08-09,3.681,Dovish,Dovish,0.98,0.9209530974112337,"The statement emphasizes markedly weaker economic growth, deteriorating labor market conditions, increased downside risks, and a revised outlook calling for exceptionally low rates “at least through mid-2013”—a clear forward guidance extension of accommodation—and explicitly states the decision to keep rates at zero “to promote the ongoing economic recovery.” While it notes past inflation pressures, it stresses their transitory nature, stable long-term expectations, and anticipates inflation settling at or below mandate-consistent levels—reinforcing the dovish tilt."
2011-09-21,3.4277,Neutral,Dovish,0.98,0.9014240890342757,"The statement explicitly announces a new accommodative monetary policy action—“Operation Twist”—to extend the maturity of Treasury holdings and lower longer-term interest rates, while reaffirming the zero lower bound on the federal funds rate and citing persistent labor market weakness, low resource utilization, and downside risks. It emphasizes support for recovery and maximum employment, with no signal of tightening or concern about overheating or rising inflation pressures."
2011-11-02,3.4375,Neutral,Dovish,0.98,0.9479499903860789,"The statement reaffirms the zero-interest-rate policy through mid-2013, extends the maturity extension program (Operation Twist), cites “low rates of resource utilization” and “subdued outlook for inflation” as justification for prolonged accommodation, and explicitly states the goal is to “support a stronger economic recovery” amid “continuing weakness in overall labor market conditions” and “significant downside risks”—all hallmarks of dovish forward guidance and policy stance."
2011-12-13,3.231,Neutral,Dovish,0.98,0.9075473115333725,"The statement reaffirms the zero lower bound for the federal funds rate “at least through mid-2013”, announces continuation of the maturity extension program (Operation Twist), emphasizes support for a “stronger economic recovery”, cites elevated unemployment and subdued inflation outlook as justification for accommodation, and explicitly states that low resource utilization and muted inflation warrant “exceptionally low” rates—hallmarks of a dovish stance. No language signals imminent tightening or concern about inflation overheating; instead, it underscores downside risks and policy readiness to act further if needed."
2012-01-25,3.6007,Dovish,Dovish,0.98,0.9521031007193893,"The statement explicitly commits to maintaining the federal funds rate at 0–0.25% “at least through late 2014”, cites “low rates of resource utilization” and “subdued outlook for inflation” as justification for “exceptionally low” rates, and reaffirms large-scale asset purchase programs (MBS/Treasury reinvestment and maturity extension) to “support a stronger economic recovery”—all hallmarks of strong accommodative intent amid elevated unemployment and weak growth. The only cautionary note (“downside risks”) reinforces, rather than offsets, the dovish posture by underscoring the need for continued stimulus."
2012-03-13,3.231,Neutral,Dovish,0.98,0.9244425271536515,"The statement explicitly commits to maintaining the federal funds rate at 0–0.25% “at least through late 2014”, cites “low rates of resource utilization” and “subdued outlook for inflation” as justification, and reaffirms highly accommodative policies—including maturity extension and reinvestment—specifically “to support a stronger economic recovery” and ensure inflation aligns with the dual mandate. There is no mention of tapering, rate hikes, or inflation concerns beyond transient oil-driven pressures, and the tone emphasizes patience and continued stimulus."
2012-04-25,3.1898,Neutral,Dovish,0.98,0.9333305160464042,"The statement explicitly commits to maintaining the federal funds rate at 0–0.25% “at least through late 2014”, cites “low rates of resource utilization” and “subdued outlook for inflation” as justification, and reaffirms highly accommodative policies—including maturity extension and reinvestment—specifically “to support a stronger economic recovery” and ensure inflation aligns with the dual mandate. There is no mention of tightening, rate hikes, or inflation concerns beyond transient oil-driven spikes, and stable long-term inflation expectations are highlighted to reinforce the case for continued accommodation."
2012-06-20,3.3794,Neutral,Dovish,0.98,0.9300760728112871,"The statement explicitly commits to maintaining the federal funds rate at 0–0.25% “at least through late 2014”, extends the maturity extension program (Operation Twist) to lower long-term rates, reaffirms reinvestment in MBS, and states the Committee is “prepared to take further action” to support recovery and labor market improvement — all strong signals of accommodative intent amid weak employment and subdued inflation. The only neutral or cautious notes (e.g., “moderate growth”, “downside risks”) are framed as justifications for continued easing, not qualifiers of it."
2012-08-01,3.645,Dovish,Dovish,0.98,0.9108401144320442,"The statement explicitly reaffirms a “highly accommodative stance,” commits to keeping rates at 0–0.25% “at least through late 2014,” extends maturity extension (Operation Twist), maintains MBS reinvestment, and signals willingness to provide “additional accommodation as needed”—all unambiguous dovish actions and language in response to weak growth, elevated unemployment, and declining inflation. The only neutral or hawkish elements (e.g., stable long-term inflation expectations) are framed as supporting the case for continued easing, not restraint."
2012-09-13,3.3333,Neutral,Dovish,1.0,0.9403972626391869,"The statement announces a new open-ended quantitative easing program ($40 billion/month in MBS purchases) explicitly to address weak labor market conditions and downside risks, reaffirms commitment to “highly accommodative” policy “for a considerable time,” and expresses concern that “without further policy accommodation” growth would be insufficient—clear, unambiguous dovish signaling with no offsetting hawkish language."
2012-10-24,3.1963,Neutral,Dovish,0.98,0.9219172597515649,"The statement explicitly reaffirms large-scale asset purchases ($40B/month MBS), extends the maturity extension program, and signals willingness to expand purchases further “if the outlook for the labor market does not improve substantially”—all strong accommodative actions. It emphasizes concern about weak labor markets, downside risks, and commits to a “highly accommodative stance… for a considerable time,” with the federal funds rate held at the zero lower bound."
2012-12-12,2.7417,Neutral,Dovish,0.98,0.9130881065608663,"The statement explicitly commits to expanding asset purchases ($40B MBS + $45B Treasuries), emphasizes concern about insufficient accommodation hindering labor market improvement, states inflation is “at or below” 2% and expects a “highly accommodative stance… for a considerable time,” and conditions further action on substantial labor market improvement — all hallmarks of strong dovish forward guidance and policy easing."
2013-01-30,2.6549,Neutral,Dovish,0.98,0.933898970940358,"The statement explicitly reaffirms large-scale asset purchases ($40B MBS + $45B Treasuries monthly), maintains the zero lower bound for the federal funds rate, emphasizes “highly accommodative” policy “for a considerable time,” and conditions tapering on substantial labor market improvement—signaling strong commitment to easing despite modest growth. The repeated emphasis on supporting recovery, downward pressure on rates, and inflation running *below* target further underscores dovish intent."
2013-03-20,2.9718,Neutral,Dovish,0.98,0.9201892532892224,"The statement explicitly reaffirms large-scale asset purchases ($40B MBS + $45B Treasuries monthly), maintains the zero lower bound on the federal funds rate, emphasizes “highly accommodative” policy for a “considerable time” after tapering, and cites persistently elevated unemployment and inflation below the 2% target as justification—core hallmarks of dovish forward guidance. The only truncation (“and currently anticipates that this…”) cuts off mid-sentence but does not alter the overwhelmingly accommodative tone established throughout."
2013-05-01,2.6786,Neutral,Dovish,0.98,0.9245717384168685,"The statement explicitly reaffirms large-scale asset purchases ($40B MBS + $45B Treasuries monthly), emphasizes maintaining “downward pressure on longer-term interest rates” and “accommodative” financial conditions, and states that a “highly accommodative stance… will remain appropriate for a considerable time” — all strong dovish signals aimed at supporting recovery amid elevated unemployment and below-target inflation. The only caveat (“prepared to increase or reduce pace”) is framed as conditional on labor market or inflation progress, not as imminent tightening."
2013-06-19,2.6667,Neutral,Dovish,0.98,0.9334994706949595,"The statement reaffirms large-scale asset purchases ($40B MBS + $45B Treasuries monthly), explicitly states the goal of maintaining “downward pressure on longer-term interest rates” and “more accommodative financial conditions”, and emphasizes that a “highly accommodative stance… will remain appropriate for a considerable time” — all strong dovish signals. While it notes improved labor market outlook, it conditions tapering on “substantial improvement” and retains full flexibility to increase purchases, underscoring commitment to accommodation over tightening."
2013-07-31,2.6432,Neutral,Dovish,0.98,0.9427664301178806,"The statement explicitly reaffirms large-scale asset purchases ($40B MBS + $45B Treasuries monthly), emphasizes maintaining “downward pressure on longer-term interest rates” and “accommodative financial conditions,” and commits to continuing purchases “until the outlook for the labor market has improved substantially”—a clear signal of ongoing monetary accommodation despite modest growth and rising mortgage rates. The only cautionary note (inflation persistently below 2%) is framed as a risk to be managed, not a trigger for tightening."
2013-09-18,2.9745,Neutral,Dovish,0.95,0.9377139794754543,"The statement reaffirms ongoing large-scale asset purchases ($40B MBS + $45B Treasuries monthly), explicitly states the intent to maintain “downward pressure on longer-term interest rates” and “more accommodative financial conditions,” and delays tapering despite some improvement—emphasizing the need for “more evidence that progress will be sustained.” While acknowledging tighter financial conditions and inflation risks, it prioritizes employment gains and reiterates concern about persistently low inflation, underscoring continued accommodation."
2013-10-30,2.8249,Neutral,Dovish,0.98,0.9269934382071918,"The statement reaffirms ongoing large-scale asset purchases ($40B MBS + $45B Treasuries monthly), explicitly states the Committee will “await more evidence” before tapering, emphasizes persistent inflation below 2%, and underscores commitment to accommodative policy “until the outlook for the labor market has improved substantially”—all hallmarks of dovish accommodation in the face of subpar growth and elevated unemployment. The only hint of future restraint (“moderate the pace”) is conditional and deferred, reinforcing current dovish stance."
2013-12-18,2.9619,Neutral,Dovish,0.95,0.8896566493263302,"The statement announces a “modest” taper of asset purchases (a policy normalization step), but overwhelmingly emphasizes continued accommodation—reinforcing that purchases will continue, holdings are “sizable and still-increasing,” and the stance is intended to maintain downward pressure on rates and support recovery; crucially, it highlights inflation running “below” the 2% objective and explicitly states that persistently low inflation “could pose risks,” justifying ongoing stimulus—hallmarks of a dovish posture despite tapering."
2014-01-29,2.9915,Neutral,Dovish,0.95,0.9205280851919002,"The statement announces a “measured reduction” in asset purchases (tapering), but emphasizes continued large-scale accommodative policy—including ongoing reinvestment, growing securities holdings, and explicit language that those holdings “should maintain downward pressure on longer-term interest rates” and “help to make broader financial conditions more accommodative”; it also highlights persistently low inflation as a risk and reaffirms commitment to maximum employment amid elevated unemployment—signaling patience and accommodation, not tightening."
2014-03-19,3.3195,Neutral,Dovish,0.95,0.9264631061677374,"The statement emphasizes slowing growth, elevated unemployment, persistently low inflation below the 2% target, and the need for “appropriate policy accommodation”; while announcing a tapering of asset purchases, it frames the reduction as “measured” and reaffirms that the Fed’s “sizable and still-increasing holdings” will maintain accommodative financial conditions—underscoring ongoing monetary support rather than tightening."
2014-04-30,3.1161,Neutral,Dovish,0.95,0.9049014267689623,"The statement announces a “measured reduction” in asset purchases (tapering), but emphasizes continued large-scale accommodative policy—maintaining reinvestment, highlighting downward pressure on long-term rates, and explicitly linking policy to supporting recovery and returning inflation to 2% amid persistently low inflation and elevated unemployment. The tone prioritizes labor market improvement and inflation shortfalls over tightening concerns, consistent with dovish accommodation."
2014-06-18,2.8531,Neutral,Dovish,0.95,0.8965004066330299,"The statement announces a “measured reduction” in asset purchases (tapering), but emphasizes continued large-scale accommodative policy—maintaining reinvestment, highlighting downward pressure on long-term rates, and explicitly linking its actions to supporting recovery and returning inflation to 2%. Crucially, it expresses concern about persistently low inflation and reaffirms commitment to maximum employment amid elevated unemployment, signaling patience on tightening."
2014-07-30,2.8289,Neutral,Dovish,0.95,0.9208727280221024,"The statement announces a “measured reduction” in asset purchases (tapering), but emphasizes continued large-scale accommodative policy—maintaining reinvestment, stressing that holdings are “still-increasing,” and affirming that “appropriate policy accommodation” remains necessary to support labor market improvement and inflation progress; no mention of rate hikes or tightening bias, and risks are described as “nearly balanced” with diminished deflation concerns—not hawkish."
2014-09-17,2.8129,Neutral,Dovish,0.95,0.9346853156200248,"The statement announces a “measured reduction” in asset purchases (tapering), but emphasizes continued large-scale accommodative policy—including ongoing purchases, reinvestment of principal, and explicit language that holdings “should maintain downward pressure on longer-term interest rates” and “help to make broader financial conditions more accommodative.” Crucially, it cites persistently low inflation, residual labor market slack, and the need for “appropriate policy accommodation” to achieve the dual mandate—hallmarks of a dovish stance despite tapering."
2014-10-29,2.7941,Neutral,Dovish,0.95,0.9320815103401049,"The statement explicitly ends the asset purchase program but strongly reaffirms the zero lower bound for the federal funds rate, emphasizes continued accommodative financial conditions via reinvestment, and stresses that the 0–0.25% target range “remains appropriate” with no signal of imminent tightening—underscoring patience and commitment to supporting recovery amid persistently low inflation and gradual labor market improvement."
2014-12-17,3.2401,Neutral,Dovish,0.95,0.9089462260685709,"The statement explicitly reaffirms the 0–0.25% federal funds rate target range as “appropriate,” emphasizes patience in normalizing policy, and conditions any future rate hikes on faster-than-expected progress toward inflation and employment—while acknowledging persistent below-target inflation and anchored expectations. The repeated emphasis on accommodation, patience, and the transitory nature of low inflation strongly signals dovish intent."
2015-01-28,3.0769,Neutral,Dovish,0.95,0.9216389096839721,"The statement explicitly reaffirms the 0–0.25% federal funds rate target range and emphasizes patience in normalizing policy, while citing persistently low inflation (below 2%) and continued labor market improvement as justification for maintaining accommodation; the conditional language about rate hikes (“sooner” or “later”) underscores that no near-term tightening is anticipated, consistent with a dovish stance."
2015-03-18,3.2357,Neutral,Dovish,0.95,0.9327986604226651,"The statement explicitly reaffirms the 0–0.25% federal funds rate target range as “appropriate,” states an increase is “unlikely at the April meeting,” and delays liftoff until “further improvement in the labor market” and “reasonable confidence” in inflation returning to 2%—a notably patient, accommodation-oriented stance amid low inflation and lingering labor underutilization. While it acknowledges progress, the forward guidance softens expectations for near-term tightening, reinforcing dovish policy accommodation."
2015-04-29,2.9186,Neutral,Dovish,0.95,0.9328217006519295,"The statement explicitly reaffirms the 0–0.25% federal funds rate target range as “appropriate,” emphasizes “appropriate policy accommodation,” and delays liftoff by conditioning rate hikes on “further improvement” in labor markets and “reasonable confidence” in inflation returning to 2%—a notably patient, accommodative stance amid weak first-quarter data and persistently low inflation. While it acknowledges eventual tightening, the overwhelming emphasis is on maintaining ease and delaying action, characteristic of dovish guidance."
2015-06-17,2.6235,Neutral,Dovish,0.95,0.8915239628029813,"The statement explicitly reaffirms the 0–0.25% federal funds rate target range as “appropriate” and delays liftoff by conditioning rate hikes on “further improvement in the labor market” and “reasonable confidence” in inflation returning to 2%, signaling patience and accommodation; it also emphasizes ongoing policy support via reinvestment, with no forward guidance suggesting imminent tightening. While it acknowledges eventual normalization, the overwhelming emphasis is on maintaining accommodative stance amid low inflation and only modest labor market progress."
2015-07-29,2.648,Neutral,Dovish,0.95,0.916379931737462,"The statement explicitly reaffirms the 0–0.25% federal funds rate target range as “appropriate,” emphasizes continued policy accommodation, and conditions any future rate hike on “some further improvement” in the labor market and “reasonable confidence” in inflation returning to 2%—a notably patient, data-dependent threshold that delays tightening. While it acknowledges inflation’s eventual rise, the persistent focus on below-target inflation, low inflation compensation, and maintenance of large-scale asset reinvestment underscores accommodative intent."
2015-09-17,2.7565,Neutral,Dovish,0.95,0.9234046563882103,"The statement explicitly reaffirms the 0–0.25% federal funds rate target range as “appropriate” and delays liftoff by conditioning any hike on “some further improvement” in labor markets and “reasonable confidence” that inflation will return to 2%—a notably patient, accommodation-oriented stance amid persistently low inflation and concerns about global headwinds. While it acknowledges eventual tightening, the emphasis is on continued policy accommodation and downward pressure on inflation, aligning with dovish signaling."
2015-10-28,2.7735,Neutral,Dovish,0.95,0.8979196473786214,"The statement explicitly reaffirms the 0–0.25% federal funds rate target range as “appropriate” and delays liftoff by conditioning any rate hike on “some further improvement in the labor market” and “reasonable confidence” in inflation returning to 2%, signaling patience and accommodation—hallmarks of a dovish stance—despite growing expectations of imminent tightening in late 2015. While it acknowledges eventual normalization, the emphasis on continued low rates, monitoring risks (including global developments), and lack of urgency or forward guidance suggesting imminent action tilts clearly dovish."
2015-12-16,2.7439,Neutral,Hawkish,0.95,0.9177209137716282,"The statement announces the first interest rate hike since 2006, explicitly raising the federal funds target range, and frames the decision as a response to “considerable improvement in labor market conditions” and confidence that inflation will rise to 2%—a clear signal of tightening policy. While it emphasizes gradualism and continued accommodation, the decisive action of initiating liftoff amid still-low inflation is quintessentially hawkish in context."
2016-01-27,2.9366,Neutral,Dovish,0.95,0.9142942508437296,"The statement emphasizes persistent inflation below 2%, explicitly cites the “current shortfall of inflation from 2 percent” as a key consideration, reaffirms the accommodative stance of policy, and stresses that rate increases will be “gradual” and the rate will remain “for some time” below longer-run levels—signaling patience and reluctance to tighten despite prior December 2015 liftoff. While it acknowledges labor market improvement, the overwhelming emphasis is on inflation undershooting and the need for continued accommodation."
2016-03-16,2.6194,Neutral,Dovish,0.95,0.9064718102808075,"The statement maintains the federal funds rate unchanged amid persistently low inflation (“shortfall of inflation from 2 percent”), emphasizes the accommodative stance of policy, explicitly links accommodation to supporting labor market improvement and inflation’s return to target, and stresses that rate hikes will be “gradual” and the rate will remain “below longer-run levels for some time”—all hallmarks of dovish guidance. While it acknowledges risks and inflation progress, the overwhelming emphasis is on patience and data-dependent caution due to inflation undershooting, not urgency to tighten."
2016-04-27,2.7356,Neutral,Dovish,0.95,0.9314364709288708,"The statement emphasizes persistent inflation below 2%, explicitly cites the “current shortfall of inflation from 2 percent” as a key consideration, reaffirms the accommodative stance of policy, and stresses that rate hikes will be only “gradual” and that the funds rate will “remain, for some time, below longer-run levels”—all hallmarks of dovish guidance. While it notes labor market improvement, it offsets that with soft growth, weak business investment, and repeated inflation concerns, with no signal of imminent tightening."
2016-06-15,3.0769,Neutral,Dovish,0.95,0.9285642700880179,"The statement maintains the federal funds rate unchanged amid slowing labor market gains, persistently low inflation “below the Committee's 2 percent longer-run objective,” and explicit emphasis on the “current shortfall of inflation from 2 percent” requiring careful monitoring—signaling patience and reluctance to hike. It reaffirms an “accommodative” stance, expects only “gradual increases” for the foreseeable future, and underscores that rates will likely remain “below longer-run levels for some time,” all hallmarks of dovish guidance."
2016-07-27,2.7735,Neutral,Dovish,0.95,0.9187431977946479,"The statement emphasizes persistent inflation below 2%, explicitly cites the “current shortfall of inflation from 2 percent” as a key consideration, reaffirms an accommodative stance, and stresses that rate hikes will be only “gradual” and “for some time” below longer-run levels—signaling patience and reluctance to tighten despite labor market improvement. While it notes strengthening labor conditions, the overwhelming emphasis on low inflation, muted inflation expectations, and continued accommodation tilts decisively dovish."
2016-09-21,2.7273,Neutral,Dovish,0.95,0.9187201172600133,"The statement explicitly maintains the federal funds rate unchanged despite acknowledging that “the case for an increase… has strengthened,” and emphasizes waiting for “further evidence of continued progress” — signaling patience amid low inflation (“inflation has continued to run below 2 percent”) and a commitment to accommodative policy to support employment and return inflation to target. The repeated emphasis on gradualism, the “current shortfall of inflation,” and the characterization of policy as “accommodative” outweigh the modest hawkish nuance of the strengthened case for hiking."
2016-11-02,2.7314,Neutral,Dovish,0.95,0.9352549405933243,"The statement explicitly maintains the federal funds rate unchanged despite acknowledging that “the case for an increase… has continued to strengthen,” and emphasizes waiting for “some further evidence of continued progress” — signaling patience and accommodation. It underscores the “current shortfall of inflation from 2 percent” as a key reason for caution, reaffirms the policy stance as “accommodative,” and stresses gradualism and the likelihood of rates remaining “below longer-run levels for some time,” all hallmarks of dovish guidance."
2016-12-14,2.7864,Neutral,Hawkish,0.95,0.9058598122173097,"The statement announces an actual rate hike (to 0.5–0.75%), explicitly cites strengthening labor markets and rising inflation as justification, and affirms that “gradual increases” are warranted—signaling a clear tightening bias. While it notes inflation remains below 2% and the stance is “still accommodative,” the decisive action and forward guidance emphasizing continued gradual hikes outweigh dovish qualifiers."
2017-02-01,3.0207,Neutral,Dovish,0.95,0.932985879197153,"The statement emphasizes the “current shortfall of inflation from 2 percent,” commits to “carefully monitoring actual and expected progress toward its inflation goal,” affirms the policy stance remains “accommodative,” and explicitly states rate hikes will be “only gradual” and that the funds rate will “remain, for some time, below longer-run levels”—all signaling patience and a bias against premature tightening. While it notes labor market strength, the persistent focus on inflation undershooting and accommodative posture outweighs neutral or hawkish elements."
2017-03-15,2.6856,Neutral,Hawkish,0.95,0.9241576044719527,"The statement explicitly announces a federal funds rate hike (to 0.75–1.00%), frames it as warranted by “realized and expected labor market conditions and inflation,” and affirms an outlook of “gradual increases” going forward—clear signals of tightening. Although it notes the stance remains “accommodative,” the decisive action and forward guidance emphasizing continued hikes outweigh the accommodative language, making the overall tone unambiguously hawkish."
2017-05-03,2.7994,Neutral,Neutral,0.95,0.9020430221411042,"The statement maintains the current rate range, characterizes policy as “accommodative” but emphasizes “gradual increases” going forward and reaffirms the symmetric 2% inflation goal without signaling urgency or delay; it balances positive labor market data with muted inflation readings and describes near-term risks as “roughly balanced,” avoiding clear dovish (e.g., pause, patience, downside risks emphasized) or hawkish (e.g., inflation concerns escalating, rate hikes accelerated or imminent) language."
2017-06-14,2.6316,Neutral,Hawkish,0.95,0.9105142937089578,"The statement explicitly announces a rate hike (to 1–1.25%), affirms expectations for “gradual increases” in the federal funds rate, and emphasizes close monitoring of inflation “relative to its symmetric inflation goal”—all signaling a tightening bias despite acknowledging recent softness in inflation; the characterization of policy as “accommodative” is contextual and does not offset the active tightening action and forward guidance toward further hikes."
2017-07-26,2.6941,Neutral,Hawkish,0.95,0.9268884460787278,"The statement explicitly states the Committee “expects that economic conditions will evolve in a manner that will warrant gradual increases in the federal funds rate” and affirms the rate is “likely to remain, for some time, below levels that are expected to prevail in the longer run”—a clear forward-guidance signal of ongoing tightening, despite holding rates steady this meeting. While inflation is noted as below target, the emphasis on “gradual increases” and the absence of dovish qualifiers (e.g., “patience,” “data dependence with bias toward caution,” or concerns about undershooting) makes this distinctly hawkish in tone and intent."
2017-09-20,2.9052,Neutral,Dovish,0.95,0.9067817889651218,"The statement maintains the current rate range, explicitly states “the stance of monetary policy remains accommodative,” and emphasizes support for further labor market strengthening and a “sustained return to 2 percent inflation” — signaling patience despite solid growth. While it mentions “gradual increases” going forward, the emphasis on below-target inflation, low inflation compensation, and accommodative stance — coupled with the dovish framing of inflation as “somewhat below 2 percent in the near term” and needing to “stabilize around” the target — outweighs the forward guidance, making the overall tone clearly dovish."
2017-11-01,2.9734,Neutral,Neutral,0.95,0.927252707395334,"The statement maintains the current rate range, describes policy as “accommodative” but emphasizes “gradual increases” going forward and closely monitors inflation relative to its symmetric 2% goal—striking a balanced tone without signaling imminent easing (dovish) or acceleration of hikes (hawkish). The truncated final sentence (“below levels tha…”) appears to be a cut-off of “below levels that are expected to prevail in the longer run,” consistent with standard neutral forward guidance."
2017-12-13,2.7113,Neutral,Hawkish,0.95,0.9109568205908759,"The statement explicitly announces a federal funds rate hike (to 1.25–1.50%), affirms expectations for “gradual increases” going forward, and emphasizes monitoring inflation “closely” despite current readings below 2%—all hallmarks of a tightening bias. While it notes the policy stance remains “accommodative,” the active tightening action and forward guidance prioritizing inflation normalization over further easing make this unambiguously hawkish."
2018-01-31,2.8053,Neutral,Hawkish,0.95,0.9141076351729568,"The statement explicitly states the Committee “expects that economic conditions will evolve in a manner that will warrant further gradual increases in the federal funds rate” and affirms the current stance—though still accommodative—is on a clear, data-dependent path toward tightening; it also emphasizes close monitoring of inflation and reaffirms commitment to reaching 2% inflation, signaling resolve against undershooting the target amid strengthening labor markets and rising inflation expectations. While it maintains the current rate, the forward guidance is unambiguously hawkish in tone and intent."
2018-03-21,2.7869,Neutral,Hawkish,0.95,0.9206813922119819,"The statement explicitly announces a rate hike (“decided to raise the target range for the federal funds rate”) and affirms an expectation of “further gradual increases,” while emphasizing that inflation is expected to rise toward 2% and that the Committee is “monitoring inflation developments closely”—all hallmarks of a hawkish stance focused on preemptive tightening amid strengthening economic conditions and low unemployment. Although it notes the policy stance remains “accommodative,” the forward guidance strongly signals continued tightening, outweighing any dovish language."
2018-05-02,2.8053,Neutral,Hawkish,0.95,0.8974510063579313,"The statement explicitly states the Committee “expects that economic conditions will evolve in a manner that will warrant further gradual increases in the federal funds rate” and affirms the current stance remains accommodative *only* to support ongoing normalization — signaling a clear, forward-looking commitment to tightening. While it maintains the current rate unchanged (a technically neutral near-term action), the strong, unambiguous guidance on “further gradual increases” and emphasis on inflation nearing target—without dovish caveats about risks or data dependence—constitutes a hawkish bias consistent with the 2018 hiking cycle."
2018-06-13,2.931,Neutral,Hawkish,0.95,0.9294380856537959,"The statement explicitly announces a rate hike (to 1.75–2.00%), affirms “further gradual increases” are expected, and characterizes the current stance as “accommodative” only in a transitional sense—emphasizing that policy is actively tightening to sustain inflation at 2% amid strong labor markets. While it notes balanced risks and symmetric inflation targeting, the forward guidance on continued hikes and the action itself dominate the tone, aligning clearly with hawkish signaling."
2018-08-01,2.9565,Neutral,Neutral,0.95,0.8838823131095406,"The statement maintains the current rate range, describes policy as “accommodative” (a dovish element), but explicitly affirms that “further gradual increases… will be consistent with sustained expansion” and reiterates commitment to reaching 2% inflation—signaling continued tightening in the near term without urgency or pause. The balanced risk assessment and lack of any shift in tone or forward guidance beyond the established “gradual” path make it neither clearly accommodative nor restrictive."
2018-09-26,2.9772,Neutral,Hawkish,0.95,0.9359155100921274,"The statement explicitly announces a rate hike (“the Committee decided to raise the target range for the federal funds rate”) and affirms that “further gradual increases… will be consistent with sustained expansion,” signaling an ongoing tightening stance; while it notes balanced risks and stable inflation expectations, the active implementation and forward guidance of continued hikes outweighs any neutral or dovish elements."
2018-11-08,2.9514,Neutral,Hawkish,0.95,0.8950805689106304,"The statement explicitly affirms “further gradual increases in the target range for the federal funds rate” as consistent with the outlook, reaffirming a tightening bias despite holding rates steady this meeting; it frames the pause as data-dependent but maintains forward guidance pointing clearly to additional hikes, with no language suggesting patience, concern about overtightening, or downward revision to the rate path."
2018-12-19,2.906,Neutral,Hawkish,0.95,0.9240843861272865,"The statement explicitly announces a rate hike (“decided to raise the target range… to 2-1/4 to 2‑1/2 percent”) and affirms that “some further gradual increases… will be consistent with sustained expansion,” signaling continued tightening despite acknowledging moderating business investment and balanced risks—classic hawkish language emphasizing commitment to inflation control and normalization. The phrase “symmetric 2 percent objective” reinforces vigilance against inflation overshoot, not dovish accommodation."
2019-01-30,2.8814,Neutral,Dovish,0.95,0.9309920849711927,"The statement explicitly states the Committee will “be patient as it determines what future adjustments… may be appropriate” and cites “global economic and financial developments and muted inflation pressures” as key reasons—clear signals of a pause in tightening and openness to easing if conditions worsen. Maintaining rates while emphasizing patience and muted inflation, against a backdrop of slowing business investment and falling market-based inflation compensation, strongly tilts the tone toward accommodation."
2019-03-20,3.2149,Neutral,Dovish,0.95,0.9305060787473397,"The statement explicitly states the Committee will “be patient as it determines what future adjustments… may be appropriate” and cites “muted inflation pressures” and “global economic and financial developments” as reasons to pause rate hikes—strong dovish signals that reversed the prior tightening stance and foreshadowed the eventual 2019 rate cuts. The maintenance of rates is framed not as a neutral hold but as a deliberate, data-dependent pause amid weakening growth and low inflation compensation."
2019-05-01,3.1034,Neutral,Dovish,0.95,0.9442916953127501,"The statement explicitly states the Committee will “be patient as it determines what future adjustments… may be appropriate” and cites “muted inflation pressures” and “global economic and financial developments” as reasons to hold rates steady—key dovish signals indicating no imminent hikes and openness to easing if conditions worsen. While it notes a “strong labor market,” the emphasis on below-target inflation, low inflation compensation, and patience strongly outweighs any hawkish undertones."
2019-06-19,2.8523,Neutral,Dovish,0.95,0.9265359518352185,"The statement explicitly cites “muted inflation pressures” and “increased uncertainties” as reasons to “act as appropriate to sustain the expansion,” signaling openness to rate cuts—a clear dovish pivot from prior tightening; the phrase “will act as appropriate” (widely interpreted at the time as code for easing) and the removal of language about “further gradual increases” marked a decisive shift toward accommodation."
2019-07-31,3.0151,Neutral,Dovish,0.98,0.9183686988972188,"The statement explicitly announces a rate cut (“decided to lower the target range for the federal funds rate”) in response to “muted inflation pressures” and “implications of global developments,” framing the action as supportive of sustained expansion amid weak inflation and uncertainties—classic dovish language emphasizing accommodation over tightening. The early conclusion of QT (quantitative tightening) further reinforces easing bias."
2019-09-18,3.0612,Neutral,Dovish,0.98,0.9366536997004449,"The statement explicitly announces a rate cut (“decided to lower the target range for the federal funds rate”) in response to “muted inflation pressures” and “global developments” weighing on the outlook—classic dovish triggers—and emphasizes supporting the expansion, sustaining a strong labor market, and achieving inflation near 2%, without signaling further tightening or urgency about inflation. The language is accommodative and forward-looking in a supportive, not restrictive, manner."
2019-10-30,3.0664,Neutral,Dovish,0.98,0.9190649531312343,"The statement explicitly announces a rate cut (“decided to lower the target range for the federal funds rate”) in response to “muted inflation pressures” and global risks, framing the move as supportive of sustained expansion and inflation near the 2% objective—classic dovish language emphasizing accommodation and patience. While forward guidance is balanced, the decisive easing action and justification centered on low inflation and external uncertainties strongly tilt the tone toward dovishness."
2019-12-11,3.1142,Neutral,Neutral,0.95,0.935901900030767,"The statement maintains the federal funds rate unchanged and explicitly states that “the current stance of monetary policy is appropriate,” with no forward guidance suggesting imminent easing or tightening; while it notes “muted inflation pressures” and “global developments,” it balances this with references to a strong labor market and sustained expansion, avoiding any clear dovish or hawkish bias."
2020-01-29,3.4602,Neutral,Dovish,0.95,0.9494687729678032,"The statement explicitly states that “the current stance of monetary policy is appropriate to support… inflation returning to the Committee's symmetric 2 percent objective” amid “muted inflation pressures,” “inflation running below 2 percent,” and “market-based measures of inflation compensation remain low”—all signaling no urgency to hike rates and implicit openness to easing if conditions worsen; maintaining rates while emphasizing inflation shortfalls and global risks reflects accommodative bias."
2020-03-03,3.5088,Dovish,Dovish,1.0,0.909942818753532,"The statement explicitly announces a 50-basis-point emergency rate cut in response to coronavirus-related economic risks, emphasizing support for maximum employment and price stability—classic dovish action signaling accommodation and prioritizing growth/stability over inflation concerns. The language “act as appropriate to support the economy” further reinforces an accommodative, crisis-response stance."
2020-03-15,3.2787,Neutral,Dovish,1.0,0.9411385279090723,"The FOMC slashed the federal funds rate target range to 0–0.25%, launched massive quantitative easing ($500B+ in Treasuries and $200B+ in MBS), committed to reinvestment, and explicitly stated it would maintain accommodation “until confident the economy has weathered recent events” — all unambiguous, aggressive accommodative actions in response to the coronavirus shock, with no tightening signals or inflation concerns emphasized."
2020-03-23,3.0547,Neutral,Dovish,1.0,0.9118316553757243,"The statement announces aggressive, unprecedented quantitative easing—including unlimited Treasury and MBS purchases, expansion to commercial MBS, large-scale repo operations, and maintenance of the federal funds rate at the effective lower bound (0–0.25%)—all explicitly aimed at crisis liquidity support and market stabilization during the March 2020 pandemic shock. These actions represent maximum monetary accommodation, with no mention of inflation concerns, rate hikes, or policy normalization, squarely fitting the definition of dovish."
2020-04-29,3.5948,Dovish,Dovish,0.98,0.9144942374912136,"The statement explicitly maintains the federal funds rate at the effective lower bound (0–0.25%) and commits to holding it there “until it is confident that the economy has weathered recent events,” signaling strong accommodation amid severe economic distress, collapsing demand, and deflationary pressures from oil prices—classic dovish language emphasizing support over tightening. The aggressive expansion of asset purchases and repo operations further underscores an accommodative, crisis-response stance with no hint of future tightening."
2020-06-10,3.5831,Dovish,Dovish,0.98,0.9194849390680486,"The statement explicitly maintains the federal funds rate at the effective lower bound (0–0.25%) and commits to holding it there “until it is confident that the economy has weathered recent events and is on track” to meet its dual mandate—signaling strong accommodation and forward guidance emphasizing patience and prolonged easing. It also announces expanded asset purchases and repo operations to support credit flow, with repeated emphasis on weak demand, low inflation, and severe economic hardship—all hallmarks of a dovish stance."
2020-07-29,3.3762,Neutral,Dovish,0.98,0.9050681211393663,"The statement explicitly maintains the federal funds rate at the effective lower bound (0–0.25%) and commits to holding it there “until it is confident that the economy has weathered recent events and is on track” to meet its dual mandate—signaling strong accommodation and extended patience. It also announces continued large-scale asset purchases and repo operations to support credit flow and market functioning, with repeated emphasis on “muted inflation pressures,” “weaker demand,” and risks from the pandemic—none of which suggest any tightening bias or imminent policy normalization."
2020-09-16,3.6392,Dovish,Dovish,0.98,0.9274920330656781,"The statement explicitly commits to maintaining the zero-interest-rate policy “until labor market conditions have reached levels consistent with maximum employment and inflation has risen to 2 percent and is on track to moderately exceed 2 percent for some time”—a clear adoption of average inflation targeting with an explicit overshoot allowance, signaling prolonged accommodation. It also reaffirms large-scale asset purchases to foster “accommodative financial conditions” and support credit flow, with no mention of tapering or tightening considerations."
2020-11-05,3.5427,Dovish,Dovish,0.98,0.9102942454088492,"The statement explicitly commits to maintaining the zero-interest-rate policy “until labor market conditions have reached levels consistent with maximum employment and inflation has risen to 2 percent and is on track to moderately exceed 2 percent for some time”—a clear adoption of average inflation targeting with a strong dovish bias—and reaffirms ongoing large-scale asset purchases to foster “accommodative financial conditions.” There is no language suggesting imminent tightening, inflation concern, or rate hike considerations."
2020-12-16,3.5313,Dovish,Dovish,0.98,0.9248627935042301,"The statement explicitly commits to maintaining the zero lower bound for the federal funds rate “until labor market conditions have reached levels consistent with maximum employment and inflation has risen to 2 percent and is on track to moderately exceed 2 percent for some time”—a clear adoption of average inflation targeting with a symmetric overshoot, signaling prolonged accommodation. It also reaffirms large-scale, ongoing asset purchases (“at least $80B/$40B per month”) until “substantial further progress” is made, underscoring strong dovish forward guidance and commitment to easing financial conditions."
2021-01-27,3.645,Dovish,Dovish,0.98,0.8755351513123656,"The statement explicitly commits to maintaining the zero-interest-rate policy until both maximum employment and inflation (including a commitment to moderately exceed 2% for some time) are achieved, and reaffirms large-scale, ongoing asset purchases—both hallmarks of accommodative, dovish policy. The forward guidance is strongly asymmetric, emphasizing patience and conditionality favoring easing, with no mention of tapering, rate hikes, or inflation concerns warranting tightening."
2021-03-17,3.5032,Dovish,Dovish,0.98,0.9135009632653838,"The statement explicitly commits to maintaining the zero interest rate target “until labor market conditions have reached levels consistent with maximum employment and inflation has risen to 2 percent and is on track to moderately exceed 2 percent for some time”—a clear dovish forward guidance that delays tightening and endorses temporary overshooting of inflation. It also reaffirms large-scale, ongoing asset purchases (“at least $80B/$40B per month”) tied to “substantial further progress” toward dual goals, signaling strong policy accommodation with no tapering timeline."
2021-04-28,3.5088,Dovish,Dovish,0.98,0.928790857269885,"The statement reaffirms the zero interest rate policy with an explicit forward guidance commitment to maintain it “until labor market conditions have reached levels consistent with maximum employment and inflation has risen to 2 percent and is on track to moderately exceed 2 percent for some time”—a clear dovish, outcome-based threshold that delays tightening. It also confirms ongoing large-scale asset purchases ($80B Treasuries + $40B MBS monthly) explicitly described as supporting “accommodative financial conditions” and credit flow, with no signal of tapering or concern about overheating."
2021-06-16,3.5313,Dovish,Dovish,0.95,0.8949817686960305,"The statement reaffirms the zero interest rate policy, explicitly ties rate hikes to substantial progress on both maximum employment and inflation *moderately exceeding* 2% for some time (a dovish “average inflation targeting” commitment), and continues aggressive quantitative easing with no tapering timeline—signaling strong ongoing accommodation. While the phrase “prepared to adjust” introduces minor flexibility, it is framed as a contingency, not an imminent shift, and does not offset the overwhelmingly accommodative forward guidance and asset purchase commitments."
2021-07-28,3.5088,Dovish,Dovish,0.95,0.9228061117214118,"The statement reaffirms the zero interest rate policy with a clear forward guidance commitment to maintain it “until labor market conditions have reached levels consistent with maximum employment and inflation has risen to 2 percent and is on track to moderately exceed 2 percent for some time”—a symmetric average inflation targeting framework that explicitly tolerates overshooting, signaling strong accommodation. While it notes “progress” toward goals, it stops short of tapering or signaling imminent policy normalization, and emphasizes continued asset purchases and accommodative financial conditions."
2021-09-22,3.4591,Neutral,Hawkish,0.95,0.9164982843275811,"While the FOMC maintained the zero interest rate target, the explicit signal that “a moderation in the pace of asset purchases may soon be warranted” marked the first formal tapering guidance—signaling a shift toward policy normalization and tightening financial conditions. This forward-looking commitment to reduce accommodative quantitative easing, coupled with the acknowledgment of “progress toward [the] goals” and readiness to adjust policy if risks emerge, reflects growing concern about inflation and overheating, aligning with a hawkish stance."
2021-11-03,3.3846,Neutral,Hawkish,0.95,0.9083952315352627,"While the FOMC maintained the zero interest rate target, it announced the formal start of tapering—reducing asset purchases by $15 billion per month—with a clear, data-informed schedule and commitment to continued reductions, signaling a decisive shift toward policy normalization in response to “substantial further progress” on employment and inflation; this forward-looking tightening of monetary accommodation (even without a rate hike) is classically hawkish, especially given the context of rising inflation pressures in late 2021."
2021-12-15,3.4865,Neutral,Hawkish,0.95,0.901856227638958,"The statement announces an acceleration of tapering—reducing asset purchases by $30 billion per month and signaling “similar reductions… likely appropriate each month”—while explicitly linking the decision to “inflation developments and the further improvement in the labor market,” and dropping prior language about “patience” or “substantial further progress.” Though it maintains the zero interest rate floor, the clear, front-loaded tightening of quantitative easing amid elevated inflation and strong labor market gains constitutes a hawkish shift in policy trajectory."
2022-01-26,3.5714,Dovish,Hawkish,0.95,0.9072556659360818,"The statement announces the imminent end of asset purchases (tapering completion in early March 2022) and signals readiness to adjust policy “as appropriate if risks emerge”—a clear forward-looking hawkish pivot toward tightening, consistent with the FOMC’s actual first rate hike just six weeks later in March 2022; while it retains accommodative language about current holdings, the emphasis on ending QE and preparing for policy adjustment reflects growing concern about inflation and a decisive shift away from accommodation."
2022-02-18,3.4653,Neutral,Neutral,1.0,0.9216572614890758,"The statement addresses ethics and transparency reforms for Federal Reserve officials’ personal financial activities and contains no language regarding monetary policy, interest rates, inflation, economic outlook, or balance sheet adjustments. It is purely procedural and governance-related, with zero implications for the stance of monetary policy."
2022-03-16,3.7037,Dovish,Hawkish,0.98,0.9203235812835873,"The statement explicitly announces the first rate hike of the cycle (to 0.25–0.50%), signals “ongoing increases” as “appropriate”, and introduces quantitative tightening (“begin reducing its holdings”) — all unambiguous tightening actions. While it acknowledges uncertainty from the Ukraine invasion and retains conditional language about future adjustments, the forward guidance is firmly oriented toward active, sustained monetary tightening to combat elevated inflation."
2022-05-04,3.8079,Dovish,Hawkish,0.98,0.9206623119876322,"The statement explicitly announces a 50-basis-point rate hike (the largest since 2000 at the time), signals “ongoing increases” as appropriate, and initiates quantitative tightening—both strong, unambiguous tightening actions—while emphasizing being “highly attentive to inflation risks” and citing multiple inflationary pressures without offsetting dovish qualifiers."
2022-06-15,3.6184,Dovish,Hawkish,0.98,0.9456512749701713,"The statement explicitly announces a 75-basis-point rate hike—the largest in 28 years—and states that “ongoing increases in the target range will be appropriate,” signaling an accelerated tightening path; it also emphasizes being “highly attentive to inflation risks” and “strongly committed to returning inflation to its 2 percent objective,” with no language suggesting patience or dovish offsets."
2022-07-27,3.5533,Dovish,Hawkish,0.98,0.9509075877676885,"The statement explicitly announces a rate hike (to 2.25–2.50%) and states that “ongoing increases in the target range will be appropriate,” underscoring a clear commitment to aggressive tightening to combat “elevated” inflation and declaring the Committee “highly attentive to inflation risks” and “strongly committed to returning inflation to its 2 percent objective.” While it notes softening spending/production, this is outweighed by the unambiguous forward guidance on continued hikes and balance sheet reduction."
2022-09-21,3.5473,Dovish,Hawkish,0.98,0.9590908566648512,"The statement explicitly announces a 75-basis-point rate hike (to 3.00–3.25%), states that “ongoing increases in the target range will be appropriate,” and emphasizes being “highly attentive to inflation risks” and “strongly committed to returning inflation to its 2 percent objective”—all hallmarks of a hawkish stance prioritizing inflation control over growth or employment concerns."
2022-11-02,3.7705,Dovish,Hawkish,0.98,0.9480242773241152,"The statement explicitly announces a rate hike to 3.75–4.0%, states that “ongoing increases… will be appropriate” to achieve a “sufficiently restrictive” stance, and emphasizes the Committee being “highly attentive to inflation risks” and “strongly committed” to returning inflation to 2%—all hallmarks of a hawkish posture. While it acknowledges lags and data dependence, the forward guidance strongly signals continued tightening, with no mention of pausing, pivoting, or easing concerns."
2022-12-14,3.7767,Dovish,Hawkish,0.98,0.9490444311175381,"The statement explicitly states the FOMC “decided to raise the target range” and that “ongoing increases… will be appropriate in order to attain a stance of monetary policy that is sufficiently restrictive to return inflation to 2 percent,” underscoring a clear commitment to further tightening amid “elevated” inflation and being “highly attentive to inflation risks.” While it acknowledges lags and data dependence, the forward guidance strongly emphasizes restriction—not pause or pivot—making this unambiguously hawkish in context (December 2022, peak tightening cycle)."
2023-02-01,3.8721,Dovish,Hawkish,0.98,0.9352566544376096,"The statement explicitly announces a rate hike and states that “ongoing increases in the target range will be appropriate” to achieve a “sufficiently restrictive” stance to return inflation to 2%, underscoring strong commitment to tightening despite some easing in inflation. Language like “highly attentive to inflation risks,” “strongly committed to returning inflation to its 2 percent objective,” and emphasis on cumulative tightening and restrictive policy clearly signals a hawkish orientation."
2023-03-22,3.8397,Dovish,Hawkish,0.98,0.932411836827596,"The statement explicitly announces a rate hike to 4.75–5.00%, states that “some additional policy firming may be appropriate” to achieve a “sufficiently restrictive” stance, and reaffirms a “strong commitment” to returning inflation to 2%—all hallmarks of hawkish guidance. While it acknowledges banking-sector stress and uncertainty about its macroeconomic impact, it does not signal pause, pivot, or dovish reassessment; instead, it frames tightening as ongoing and necessary."
2023-05-03,3.7543,Dovish,Hawkish,0.95,0.9144415986828349,"The statement explicitly announces a federal funds rate hike to 5–5.25%, emphasizes being “highly attentive to inflation risks,” and reaffirms a “strong commitment” to returning inflation to 2%, while noting that additional “policy firming may be appropriate”—all hallmarks of a hawkish stance. Although it acknowledges tighter credit conditions and uncertainty, the forward guidance prioritizes inflation control over growth or labor market concerns, with no dovish language (e.g., no mention of pausing, cutting, or shifting focus to employment risks)."
2023-06-14,3.7288,Dovish,Neutral,0.95,0.9239904393907862,"The statement maintains the federal funds rate unchanged and emphasizes data dependence, cumulative policy lags, and uncertainty around credit conditions—hallmarks of a pause for assessment rather than a shift toward easing (dovish) or signaling imminent hikes (hawkish); while it reaffirms commitment to 2% inflation, it avoids forward guidance suggesting further tightening is imminent or that easing is under consideration."
2023-07-26,3.7543,Dovish,Hawkish,0.95,0.922302939222172,"The statement explicitly announces a federal funds rate hike to 5.25–5.50%, the highest level in 22 years, and reaffirms a “strong commitment” to returning inflation to 2%—emphasizing vigilance on inflation risks and “additional policy firming” as appropriate. While it acknowledges lagged effects and tighter credit conditions, the decisive action and forward-looking language on further tightening dominate the tone."
2023-09-20,3.8917,Dovish,Hawkish,0.95,0.8901642748621168,"The statement explicitly states that the Committee is “highly attentive to inflation risks,” “strongly committed to returning inflation to its 2 percent objective,” and frames the current pause in rate hikes as temporary—emphasizing “the extent of additional policy firming that may be appropriate” rather than signaling an end to tightening. While it acknowledges tighter credit conditions and maintains rates, the forward guidance strongly prioritizes inflation control and leaves the door wide open (and linguistically primed) for further hikes, which is classically hawkish."
2023-11-01,3.7162,Dovish,Neutral,0.95,0.8978606997384116,"The statement maintains the federal funds rate unchanged, emphasizes uncertainty about the lagged effects of prior tightening, and stresses data dependence and balance between inflation risks and economic resilience—hallmarks of a neutral stance—without signaling imminent hikes (hawkish) or easing (dovish). While “strongly committed to returning inflation to 2 percent” conveys resolve, it is paired with explicit recognition of cumulative tightening and uncertain transmission, avoiding new hawkish forward guidance."
2023-12-13,3.8526,Dovish,Neutral,0.95,0.9073027901177096,"The statement maintains the federal funds rate unchanged, emphasizes uncertainty about the lagged effects of prior tightening, and stresses data dependence and balance between inflation risks and moderating growth—hallmarks of a neutral stance—without signaling imminent cuts (dovish) or hikes (hawkish). While “strongly committed to returning inflation to 2 percent” is hawkish in tone, it is offset by explicit recognition of slowing activity, tighter financial conditions, and the phrase “assess the extent of any additional policy firming,” indicating no presumption of further hikes."
2024-01-31,3.7162,Dovish,Hawkish,0.95,0.9299455066849303,"The statement explicitly states “the Committee does not expect it will be appropriate to reduce the target range until it has gained greater confidence that inflation is moving sustainably toward 2 percent,” signaling a clear bias against near-term rate cuts despite inflation easing — a hallmark of hawkish forward guidance. Additionally, it reaffirms strong commitment to the 2% inflation goal, emphasizes vigilance on inflation risks, and maintains the highest federal funds rate range since 2001 without hinting at pivot timing or dovish reassessment."
2024-03-20,3.7415,Dovish,Hawkish,0.95,0.9294656175009409,"The statement explicitly states the Committee “does not expect it will be appropriate to reduce the target range until it has gained greater confidence that inflation is moving sustainably toward 2 percent,” signaling a clear bias against near-term rate cuts despite acknowledging easing inflation; combined with the strong commitment to returning inflation to 2% and continued quantitative tightening, this conveys a tightening-oriented, inflation-averse stance."
2024-05-01,3.9801,Dovish,Hawkish,0.95,0.9192934193332619,"The statement explicitly states the Committee “does not expect it will be appropriate to reduce the target range until it has gained greater confidence that inflation is moving sustainably toward 2 percent,” reaffirms its “strong commitment” to the 2% goal, and announces a *slowing* of balance sheet runoff (not a pause or reversal), which—while modest—signals continued policy restraint; crucially, it highlights the lack of further progress on inflation and remains “highly attentive to inflation risks,” with no dovish language about easing or data-dependent cuts being imminent."
2024-06-12,3.7288,Dovish,Hawkish,0.95,0.9443225361485179,"The statement explicitly states the Committee “does not expect it will be appropriate to reduce the target range until it has gained greater confidence that inflation is moving sustainably toward 2 percent,” reaffirms ongoing quantitative tightening, and emphasizes being “highly attentive to inflation risks” and “strongly committed” to returning inflation to 2%—all signaling a higher-for-longer policy stance and resistance to near-term easing. While acknowledging modest progress on inflation and balanced risks, the forward guidance on rate cuts is conditional and deliberately restrictive, outweighing neutral or dovish elements."
2024-07-31,3.6789,Dovish,Hawkish,0.95,0.9215964667074729,"The statement explicitly states “the Committee does not expect it will be appropriate to reduce the target range until it has gained greater confidence that inflation is moving sustainably toward 2 percent,” signaling a clear bias against near-term rate cuts despite some progress on inflation; combined with the reaffirmation of strong commitment to the 2% target and continuation of quantitative tightening, this conveys a tightening-leaning, inflation-averse posture."
2024-09-18,3.7162,Dovish,Dovish,0.98,0.9288530405328534,"The statement explicitly announces a 50-basis-point rate cut—the largest cut since 2020—and cites “greater confidence that inflation is moving sustainably toward 2 percent” alongside a balanced risk assessment, signaling a decisive pivot toward accommodation; the emphasis on supporting maximum employment and readiness to adjust policy *if risks impede goals* further reinforces easing intent."
2024-11-07,3.6082,Dovish,Dovish,0.98,0.9113494611897728,"The statement explicitly announces a 25-basis-point rate cut—the first since March 2023—and emphasizes that risks to the dual mandate are “roughly in balance” while reaffirming commitment to maximum employment and returning inflation to 2%, signaling a shift toward accommodation amid progress on inflation and modest labor market cooling. The language (“carefully assess,” “prepared to adjust… as appropriate”) reflects data-dependent caution but the decisive action of cutting rates—coupled with no hawkish forward guidance or inflation alarm—clearly tilts dovish."
2024-12-18,3.5654,Dovish,Dovish,0.95,0.9255832057312232,"The statement explicitly announces a 25-basis-point rate cut—the first in over four years—and emphasizes that risks to the dual mandate are “roughly in balance” while reaffirming commitment to maximum employment and returning inflation to 2%, signaling a shift toward policy accommodation. Although it retains data dependence and vigilance on inflation, the decisive action of lowering rates—coupled with language framing inflation as having “made progress” and unemployment as “low” despite recent uptick—clearly tilts the tone toward dovishness."
2025-01-29,3.6522,Dovish,Neutral,0.95,0.9306978183757987,"The statement maintains the current rate unchanged, explicitly states that risks to both sides of the dual mandate are “roughly in balance,” and emphasizes data dependence and flexibility without signaling a bias toward easing or tightening; phrases like “carefully assess incoming data” and “prepared to adjust… if risks emerge” reflect balanced, non-committal guidance."
2025-03-19,3.7288,Dovish,Neutral,0.95,0.9176814450198844,"The statement maintains the current rate range, emphasizes data dependence and balanced risk assessment (“risks to both sides of its dual mandate”), and introduces a modest, pre-announced tapering of QT (slowing Treasury redemptions) without altering the overall policy stance—neither signaling imminent easing nor tightening. While “inflation remains somewhat elevated” and the Committee is “strongly committed” to 2% inflation, it avoids hawkish language like “further hikes may be warranted” or dovish language like “patience” or “cutting is under consideration.”"
2025-05-07,3.5959,Dovish,Neutral,0.95,0.9155156718053276,"The statement maintains the current rate unchanged, explicitly cites elevated inflation *and* rising unemployment risks (balancing both sides of the dual mandate), and emphasizes data dependence and risk monitoring without signaling a bias toward easing or tightening—consistent with a neutral stance. The language “risks to both sides… have risen” and “carefully assess incoming data” reinforces absence of directional guidance."
2025-06-18,3.6458,Dovish,Neutral,0.95,0.9256485705444919,"The statement maintains the current rate range without signaling imminent hikes or cuts, emphasizes balanced risk assessment (“risks to both sides of its dual mandate”), and stresses data dependence and flexibility—hallmarks of a neutral stance. While it reiterates commitment to 2% inflation and notes inflation is “somewhat elevated,” it avoids hawkish language like “further tightening may be warranted” or dovish language like “patience” or “cutting cycle considerations.”"
2025-07-30,3.7736,Dovish,Neutral,0.95,0.8907237352599819,"The statement maintains the current rate unchanged, emphasizes careful data dependence and balanced risk assessment (“risks to both sides of its dual mandate”), and avoids language signaling imminent easing (e.g., no mention of “patience,” “reconsidering hikes,” or concerns about growth weakness outweighing inflation) or tightening (e.g., no reference to “further hikes may be warranted” or “inflation risks are unacceptably high”). The tone is deliberately balanced and forward-looking without directional bias."
2025-09-17,3.9249,Dovish,Dovish,0.98,0.9117170847999901,"The statement explicitly announces a 25-basis-point rate cut—the first in over four years—citing elevated downside risks to employment and a “shift in the balance of risks,” while affirming commitment to maximum employment and acknowledging inflation remains elevated but not prioritizing further tightening. The language (“moderated growth,” “job gains have slowed,” “downside risks to employment have risen”) and decisive action (rate reduction) clearly signal accommodation, not restraint or balance."
2025-10-29,4.0336,Dovish,Neutral,0.95,0.8892393237433026,"The statement ends quantitative tightening (QT) but does not signal a pivot to easing or rate cuts; it reaffirms the dual mandate, emphasizes data dependence, and retains optionality (“prepared to adjust… if risks emerge”) without indicating imminent tightening or accommodation. The tone is balanced and forward-looking, with no explicit guidance on the future path of the federal funds rate."
2025-12-10,3.8079,Dovish,Dovish,0.98,0.9301612569677509,"The statement explicitly announces a 25-basis-point rate cut, cites rising downside risks to employment, notes inflation remains “somewhat elevated” without signaling urgency to hike, and emphasizes support for maximum employment—core hallmarks of a dovish pivot. The language about “shift in the balance of risks” and readiness to adjust policy “as appropriate” further reinforces accommodative intent."
